filial_id;pedido_id;data_emissao;grupo_comercial_id;vendedores_alocados;quantidade_vendedores;tem_vendedor_ausente;times_cadastro_atual;segmento_campanha;quantidade_segmentos;tem_segmento_desconhecido;valor_pedido_soma_alocacoes;nome_grupo_comercial;grupo_identificado;primeira_compra_observada;historico_tem_data_ausente;ultima_compra_em_data_anterior;pedidos_grupo_na_data;dias_sem_compra;meses_inatividade_exigidos;data_limite_reativacao_proposta;resultado_previa;observacao_ordem;situacao_atribuicao
01101;058299;2026-09-01;C49;000190;1;False;Time Norte;Construção;1;False;24304.970000000000000000000000;DIRECIONAL;True;2022-01-04;False;2026-08-31;2;1;12;2025-09-01;ativo;ordem_dos_pedidos_no_dia_nao_disponivel;um_vendedor_alocado
01101;058300;2026-09-01;C21;000113, 000190;2;False;Time Norte;Construção;1;False;46271.350000000000000000000000;CAPITAL (MORAR MAIS);True;2022-04-07;False;2026-08-27;2;5;12;2025-09-01;ativo;ordem_dos_pedidos_no_dia_nao_disponivel;titularidade_pendente
01101;058302;2026-09-01;C49;000190;1;False;Time Norte;Construção;1;False;18280.400000000000000000000000;DIRECIONAL;True;2022-01-04;False;2026-08-31;2;1;12;2025-09-01;ativo;ordem_dos_pedidos_no_dia_nao_disponivel;um_vendedor_alocado
01101;058303;2026-09-01;C21;000190;1;False;Time Norte;Construção;1;False;59430.43000000000000000000000000000000000000000000;CAPITAL (MORAR MAIS);True;2022-04-07;False;2026-08-27;2;5;12;2025-09-01;ativo;ordem_dos_pedidos_no_dia_nao_disponivel;um_vendedor_alocado
01101;058304;2026-09-01;CNH;000170;1;False;Time Norte;Construção;1;False;2464.080000000000000000000000000000000000;CONSTRUTORA TROPICAL;True;2022-07-07;False;2026-02-24;1;189;12;2025-09-01;ativo;;um_vendedor_alocado
01101;058305;2026-09-01;C02;000190;1;False;Time Norte;Construção;1;False;1349.0000000000000000;MRV;True;2022-01-03;False;2026-08-31;4;1;12;2025-09-01;ativo;ordem_dos_pedidos_no_dia_nao_disponivel;um_vendedor_alocado
01101;058316;2026-09-01;C8U;000188;1;False;Time Norte;Construção;1;False;77135.700000000000000100000000000000000000;J FILHOS;True;2024-06-21;False;2026-08-26;1;6;12;2025-09-01;ativo;;um_vendedor_alocado
01101;058317;2026-09-01;CRB;000170;1;False;Time Norte;Construção;1;False;2409.200000000000000000000000000000000000;JMS CONSTRUCOES;True;2022-01-04;False;2026-06-18;2;75;12;2025-09-01;ativo;ordem_dos_pedidos_no_dia_nao_disponivel;um_vendedor_alocado
01101;058336;2026-09-01;;000173;1;False;Canais;Canais;1;False;140.0000000000000000000000000000000000000000;;False;;;;;;6;2026-03-01;pendente_grupo_comercial;;um_vendedor_alocado
01101;058337;2026-09-01;;000173;1;False;Canais;Canais;1;False;140.0000000000000000000000000000000000000000;;False;;;;;;6;2026-03-01;pendente_grupo_comercial;;um_vendedor_alocado
01101;058338;2026-09-01;;000173;1;False;Canais;Canais;1;False;38.0000000000000000000000000000000000000000;;False;;;;;;6;2026-03-01;pendente_grupo_comercial;;um_vendedor_alocado
01101;058339;2026-09-01;;000173;1;False;Canais;Canais;1;False;140.0000000000000000000000000000000000000000;;False;;;;;;6;2026-03-01;pendente_grupo_comercial;;um_vendedor_alocado
01101;058340;2026-09-01;;000173;1;False;Canais;Canais;1;False;140.0000000000000000000000000000000000000000;;False;;;;;;6;2026-03-01;pendente_grupo_comercial;;um_vendedor_alocado
01101;058341;2026-09-01;C02;000176;1;False;Time Sul;Construção;1;False;14361.90000000000000000000000000000000000000000000;MRV;True;2022-01-03;False;2026-08-31;4;1;12;2025-09-01;ativo;ordem_dos_pedidos_no_dia_nao_disponivel;um_vendedor_alocado
01101;058342;2026-09-01;;000173;1;False;Canais;Canais;1;False;140.0000000000000000000000000000000000000000;;False;;;;;;6;2026-03-01;pendente_grupo_comercial;;um_vendedor_alocado
01101;058343;2026-09-01;;000173;1;False;Canais;Canais;1;False;38.0000000000000000000000000000000000000000;;False;;;;;;6;2026-03-01;pendente_grupo_comercial;;um_vendedor_alocado
01101;058344;2026-09-01;;000173;1;False;Canais;Canais;1;False;38.0000000000000000000000000000000000000000;;False;;;;;;6;2026-03-01;pendente_grupo_comercial;;um_vendedor_alocado
01101;058345;2026-09-01;;000173;1;False;Canais;Canais;1;False;38.6100000000000000000000000000000000000000;;False;;;;;;6;2026-03-01;pendente_grupo_comercial;;um_vendedor_alocado
01101;058346;2026-09-01;;000173;1;False;Canais;Canais;1;False;38.0000000000000000000000000000000000000000;;False;;;;;;6;2026-03-01;pendente_grupo_comercial;;um_vendedor_alocado
01101;058347;2026-09-01;;000173;1;False;Canais;Canais;1;False;140.0000000000000000000000000000000000000000;;False;;;;;;6;2026-03-01;pendente_grupo_comercial;;um_vendedor_alocado
01101;058348;2026-09-01;;000173;1;False;Canais;Canais;1;False;38.0000000000000000000000000000000000000000;;False;;;;;;6;2026-03-01;pendente_grupo_comercial;;um_vendedor_alocado
01101;058349;2026-09-01;F213;000172;1;False;Time Sul;Construção;1;False;11941.474630455252668600000000000000000000;FIPAL CONSTRUTORA;True;2026-09-01;False;;1;;12;2025-09-01;novo_no_historico;;um_vendedor_alocado
01101;058350;2026-09-01;F101;000176;1;False;Time Sul;Construção;1;False;72067.760000000000000100000000000000000000;JERONIMO DA VEIGA;True;2026-08-13;False;2026-08-13;1;19;12;2025-09-01;ativo;;um_vendedor_alocado
01101;058351;2026-09-01;CRB;000170;1;False;Time Norte;Construção;1;False;47258.551977634310147774500000000000000000;JMS CONSTRUCOES;True;2022-01-04;False;2026-06-18;2;75;12;2025-09-01;ativo;ordem_dos_pedidos_no_dia_nao_disponivel;um_vendedor_alocado
01101;058352;2026-09-01;CIH;000184;1;False;Time Norte;Construção;1;False;604.200000000000000000000000000000000000;ESTACAO 1;True;2022-01-10;False;2026-08-31;1;1;12;2025-09-01;ativo;;um_vendedor_alocado
01101;058353;2026-09-01;C2K;000188;1;False;Time Norte;Construção;1;False;5048.510000000000000000000000000000000000;SUACASA. COM;True;2024-02-22;False;2026-08-14;1;18;12;2025-09-01;ativo;;um_vendedor_alocado
01101;058354;2026-09-01;E08;000188;1;False;Time Norte;Construção;1;False;6359.673425000000000000000000000000000000;CONSTRUTORA MVA;True;2025-04-04;False;2026-07-28;1;35;12;2025-09-01;ativo;;um_vendedor_alocado
01101;058355;2026-09-01;C02;000164;1;False;Time Sul;Construção;1;False;607.120000000000000000000000000000000000;MRV;True;2022-01-03;False;2026-08-31;4;1;12;2025-09-01;ativo;ordem_dos_pedidos_no_dia_nao_disponivel;um_vendedor_alocado
01101;058356;2026-09-01;C02;000164;1;False;Time Sul;Construção;1;False;510.800000000000000000000000000000000000;MRV;True;2022-01-03;False;2026-08-31;4;1;12;2025-09-01;ativo;ordem_dos_pedidos_no_dia_nao_disponivel;um_vendedor_alocado
01101;058357;2026-09-01;CTZ;000187;1;False;Canais;Canais;1;False;6155.480000000000000000000000000000000000;UNOFRIO;True;2023-08-08;False;2026-07-22;1;41;6;2026-03-01;ativo;;um_vendedor_alocado
01101;058359;2026-09-01;C01;000172;1;False;Time Sul;Construção;1;False;19699.23270000000000000000000000000000000000000000;PACAEMBU;True;2022-01-17;False;2026-08-31;1;1;12;2025-09-01;ativo;;um_vendedor_alocado
01101;058363;2026-09-01;;000173;1;False;Canais;Canais;1;False;140.0000000000000000000000000000000000000000;;False;;;;;;6;2026-03-01;pendente_grupo_comercial;;um_vendedor_alocado
01101;058364;2026-09-01;;000173;1;False;Canais;Canais;1;False;42.9000000000000000000000000000000000000000;;False;;;;;;6;2026-03-01;pendente_grupo_comercial;;um_vendedor_alocado
01101;058365;2026-09-01;;000173;1;False;Canais;Canais;1;False;42.9000000000000000000000000000000000000000;;False;;;;;;6;2026-03-01;pendente_grupo_comercial;;um_vendedor_alocado
01101;058366;2026-09-01;;000173;1;False;Canais;Canais;1;False;42.9000000000000000000000000000000000000000;;False;;;;;;6;2026-03-01;pendente_grupo_comercial;;um_vendedor_alocado
01101;058367;2026-09-01;;000173;1;False;Canais;Canais;1;False;140.0000000000000000000000000000000000000000;;False;;;;;;6;2026-03-01;pendente_grupo_comercial;;um_vendedor_alocado
01101;058368;2026-09-01;;000173;1;False;Canais;Canais;1;False;140.0000000000000000000000000000000000000000;;False;;;;;;6;2026-03-01;pendente_grupo_comercial;;um_vendedor_alocado
01101;058369;2026-09-01;CIA;000149;1;False;Canais;Canais;1;False;6335.0000000000000000000000000000000000000000;FRIGELAR;True;2023-06-26;False;2026-08-17;3;15;6;2026-03-01;ativo;ordem_dos_pedidos_no_dia_nao_disponivel;um_vendedor_alocado
01101;058370;2026-09-01;;000173;1;False;Canais;Canais;1;False;140.0000000000000000000000000000000000000000;;False;;;;;;6;2026-03-01;pendente_grupo_comercial;;um_vendedor_alocado
01101;058371;2026-09-01;;000173;1;False;Canais;Canais;1;False;140.0000000000000000000000000000000000000000;;False;;;;;;6;2026-03-01;pendente_grupo_comercial;;um_vendedor_alocado
01101;058372;2026-09-01;CIA;000149;1;False;Canais;Canais;1;False;40659.45000000000000000000000000000000000000000000;FRIGELAR;True;2023-06-26;False;2026-08-17;3;15;6;2026-03-01;ativo;ordem_dos_pedidos_no_dia_nao_disponivel;um_vendedor_alocado
01101;058373;2026-09-01;;000173;1;False;Canais;Canais;1;False;53.890000000000000000000000000000000000;;False;;;;;;6;2026-03-01;pendente_grupo_comercial;;um_vendedor_alocado
01101;058374;2026-09-01;;000173;1;False;Canais;Canais;1;False;140.0000000000000000000000000000000000000000;;False;;;;;;6;2026-03-01;pendente_grupo_comercial;;um_vendedor_alocado
01101;058375;2026-09-01;;000173;1;False;Canais;Canais;1;False;140.0000000000000000000000000000000000000000;;False;;;;;;6;2026-03-01;pendente_grupo_comercial;;um_vendedor_alocado
01101;058377;2026-09-01;CIA;000149;1;False;Canais;Canais;1;False;61457.20000000000000000000000000000000000000000000;FRIGELAR;True;2023-06-26;False;2026-08-17;3;15;6;2026-03-01;ativo;ordem_dos_pedidos_no_dia_nao_disponivel;um_vendedor_alocado
01101;058376;2026-09-02;CIA;000149;1;False;Canais;Canais;1;False;55122.69950000000000000000000000000000000000000000;FRIGELAR;True;2023-06-26;False;2026-09-01;1;1;6;2026-03-02;ativo;;um_vendedor_alocado
01101;058378;2026-09-02;CG9;000125;1;False;Time Norte;Construção;1;False;15772.390000000000000000000000000000000000;FR INCORPORADORA LTDA;True;2023-05-12;False;2026-08-14;1;19;12;2025-09-02;ativo;;um_vendedor_alocado
01101;058380;2026-09-02;CKH;000177;1;False;Time Sul;Construção;1;False;14282.99582500000000000000000000000000000000000000;CONSTRUTORA FARIAS;True;2022-01-04;False;2026-08-11;1;22;12;2025-09-02;ativo;;um_vendedor_alocado
01101;058381;2026-09-02;E938;000177;1;False;Time Sul;Construção;1;False;12861.200000000000000100000000000000000000;GRF INCORPORADORA;True;2023-07-04;False;2026-07-06;2;58;12;2025-09-02;ativo;ordem_dos_pedidos_no_dia_nao_disponivel;um_vendedor_alocado
01101;058382;2026-09-02;F203;000125;1;False;Time Norte;Construção;1;False;10599.640000000000000000000000000000000000;NOVO HORIZONTE;True;2026-09-02;False;;1;;12;2025-09-02;novo_no_historico;;um_vendedor_alocado
01101;058383;2026-09-02;F209;000125;1;False;Time Norte;Construção;1;False;7383.484863896836426086500000000000000000;CASA PADIM;True;2026-09-02;False;;1;;12;2025-09-02;novo_no_historico;;um_vendedor_alocado
01101;058385;2026-09-02;CEY;000113;1;False;Time Norte;Construção;1;False;12837.444200000000000000000000000000000000;SONHAR CONSTRUTORA;True;2023-07-27;False;2026-04-28;2;127;12;2025-09-02;ativo;ordem_dos_pedidos_no_dia_nao_disponivel;um_vendedor_alocado
01101;058386;2026-09-02;C29;000172;1;False;Time Sul;Construção;1;False;27531.853208488854328668000000000000000000;VILLAGE;True;2022-01-26;False;2026-08-05;1;28;12;2025-09-02;ativo;;um_vendedor_alocado
01101;058387;2026-09-02;C108;000113;1;False;Time Norte;Construção;1;False;11188.817227869222641480500000000000000000;WR;True;2022-04-11;False;2026-08-07;1;26;12;2025-09-02;ativo;;um_vendedor_alocado
01101;058388;2026-09-02;CEY;000113;1;False;Time Norte;Construção;1;False;2079.939999999999999900000000000000000000;SONHAR CONSTRUTORA;True;2023-07-27;False;2026-04-28;2;127;12;2025-09-02;ativo;ordem_dos_pedidos_no_dia_nao_disponivel;um_vendedor_alocado
01101;058390;2026-09-02;C49;000184;1;False;Time Norte;Construção;1;False;7169.0000000000000000000000000000000000000000;DIRECIONAL;True;2022-01-04;False;2026-09-01;4;1;12;2025-09-02;ativo;ordem_dos_pedidos_no_dia_nao_disponivel;um_vendedor_alocado
01101;058391;2026-09-02;C49;000154;1;False;Time Norte;Construção;1;False;12817.96000000000000000000000000000000000000000000;DIRECIONAL;True;2022-01-04;False;2026-09-01;4;1;12;2025-09-02;ativo;ordem_dos_pedidos_no_dia_nao_disponivel;um_vendedor_alocado
01101;058392;2026-09-02;C02;000184;1;False;Time Norte;Construção;1;False;2748.0194000000000000000000000000000000000000;MRV;True;2022-01-03;False;2026-09-01;6;1;12;2025-09-02;ativo;ordem_dos_pedidos_no_dia_nao_disponivel;um_vendedor_alocado
01101;058393;2026-09-02;C03;000113;1;False;Time Norte;Construção;1;False;2173.470000000000000000000000000000000000;EMCCAMP;True;2022-01-18;False;2026-08-26;1;7;12;2025-09-02;ativo;;um_vendedor_alocado
01101;058394;2026-09-02;C22;000125;1;False;Time Norte;Construção;1;False;3133.9988750000000000000000000000000000000000;CCB CONSTRUTORA;True;2022-02-09;False;2026-08-26;1;7;12;2025-09-02;ativo;;um_vendedor_alocado
01101;058395;2026-09-02;CWY;000125;1;False;Time Norte;Construção;1;False;2066.040000000000000000000000000000000000;NPJ INCORPORADORA;True;2022-01-14;False;2026-07-01;1;63;12;2025-09-02;ativo;;um_vendedor_alocado
01101;058396;2026-09-02;C02;000184;1;False;Time Norte;Construção;1;False;1875.433000000000000000000000000000000000;MRV;True;2022-01-03;False;2026-09-01;6;1;12;2025-09-02;ativo;ordem_dos_pedidos_no_dia_nao_disponivel;um_vendedor_alocado
01101;058397;2026-09-02;C02;000169;1;False;Time Norte;Construção;1;False;672.500000000000000000000000000000000000;MRV;True;2022-01-03;False;2026-09-01;6;1;12;2025-09-02;ativo;ordem_dos_pedidos_no_dia_nao_disponivel;um_vendedor_alocado
01101;058399;2026-09-02;C02;000154;1;False;Time Norte;Construção;1;False;3331.9627000000000000000000000000000000000000;MRV;True;2022-01-03;False;2026-09-01;6;1;12;2025-09-02;ativo;ordem_dos_pedidos_no_dia_nao_disponivel;um_vendedor_alocado
01101;058400;2026-09-02;CBF;000177;1;False;Time Sul;Construção;1;False;6143.600000000000000000000000000000000000;BC;True;2022-12-20;False;2026-08-12;1;21;12;2025-09-02;ativo;;um_vendedor_alocado
01101;058401;2026-09-02;F003;000170;1;False;Time Norte;Construção;1;False;13519.26000000000000000000000000000000000000000000;HEXAGONAL;True;2026-03-11;False;2026-06-01;2;93;12;2025-09-02;ativo;ordem_dos_pedidos_no_dia_nao_disponivel;um_vendedor_alocado
01101;058402;2026-09-02;C38;000188;1;False;Time Norte;Construção;1;False;47808.446350000000000000000000000000000000;IMPACTO;True;2022-01-14;False;2026-06-22;2;72;12;2025-09-02;ativo;ordem_dos_pedidos_no_dia_nao_disponivel;um_vendedor_alocado
01101;058403;2026-09-02;C49;000125;1;False;Time Norte;Construção;1;False;14586.00360000000000000000000000000000000000000000;DIRECIONAL;True;2022-01-04;False;2026-09-01;4;1;12;2025-09-02;ativo;ordem_dos_pedidos_no_dia_nao_disponivel;um_vendedor_alocado
01101;058404;2026-09-02;F003;000170;1;False;Time Norte;Construção;1;False;725.000000000000000000000000000000000000;HEXAGONAL;True;2026-03-11;False;2026-06-01;2;93;12;2025-09-02;ativo;ordem_dos_pedidos_no_dia_nao_disponivel;um_vendedor_alocado
01101;058405;2026-09-02;C38;000188;1;False;Time Norte;Construção;1;False;3466.860000000000000000000000000000000000;IMPACTO;True;2022-01-14;False;2026-06-22;2;72;12;2025-09-02;ativo;ordem_dos_pedidos_no_dia_nao_disponivel;um_vendedor_alocado
01101;058406;2026-09-02;CBD;000113;1;False;Time Norte;Construção;1;False;10722.040000000000000000000000000000000000;VIVAMUS;True;2022-10-24;False;2026-08-21;2;12;12;2025-09-02;ativo;ordem_dos_pedidos_no_dia_nao_disponivel;um_vendedor_alocado
01101;058407;2026-09-02;E938;000177;1;False;Time Sul;Construção;1;False;3409.500000000000000000000000000000000000;GRF INCORPORADORA;True;2023-07-04;False;2026-07-06;2;58;12;2025-09-02;ativo;ordem_dos_pedidos_no_dia_nao_disponivel;um_vendedor_alocado
01101;058408;2026-09-02;C48;000185;1;False;Time Sul;Construção;1;False;5306.6000000000000000000000000000000000000000;CYRELA;True;2022-01-10;False;2026-08-31;1;2;12;2025-09-02;ativo;;um_vendedor_alocado
01101;058409;2026-09-02;CL0;000125;1;False;Time Norte;Construção;1;False;1837.760000000000000000000000000000000000;TERRAL INCORPORADORA;True;2022-01-13;False;2026-08-26;1;7;12;2025-09-02;ativo;;um_vendedor_alocado
01101;058410;2026-09-02;C6M;000172;1;False;Time Sul;Construção;1;False;2083.512628033565795185500000000000000000;DIMAS CONSTRUCOES;True;2024-07-13;False;2026-07-07;1;57;12;2025-09-02;ativo;;um_vendedor_alocado
01101;058411;2026-09-02;C08;000176;1;False;Time Sul;Construção;1;False;97854.85710000000000000000000000000000000000000000;NOVOLAR;True;2022-01-12;False;2026-08-17;1;16;12;2025-09-02;ativo;;um_vendedor_alocado
01101;058412;2026-09-02;;000173;1;False;Canais;Canais;1;False;38.0000000000000000000000000000000000000000;;False;;;;;;6;2026-03-02;pendente_grupo_comercial;;um_vendedor_alocado
01101;058413;2026-09-02;;000173;1;False;Canais;Canais;1;False;140.0000000000000000000000000000000000000000;;False;;;;;;6;2026-03-02;pendente_grupo_comercial;;um_vendedor_alocado
01101;058414;2026-09-02;CBD;000113;1;False;Time Norte;Construção;1;False;1022.760000000000000000000000000000000000;VIVAMUS;True;2022-10-24;False;2026-08-21;2;12;12;2025-09-02;ativo;ordem_dos_pedidos_no_dia_nao_disponivel;um_vendedor_alocado
01101;058415;2026-09-02;;000173;1;False;Canais;Canais;1;False;140.0000000000000000000000000000000000000000;;False;;;;;;6;2026-03-02;pendente_grupo_comercial;;um_vendedor_alocado
01101;058416;2026-09-02;C04;000185;1;False;Time Sul;Construção;1;False;4301.0000000000000000000000000000000000000000;HM;True;2022-01-03;False;2026-07-06;1;58;12;2025-09-02;ativo;;um_vendedor_alocado
01101;058417;2026-09-02;;000173;1;False;Canais;Canais;1;False;40.7500000000000000000000000000000000000000;;False;;;;;;6;2026-03-02;pendente_grupo_comercial;;um_vendedor_alocado
01101;058418;2026-09-02;;000173;1;False;Canais;Canais;1;False;40.7500000000000000000000000000000000000000;;False;;;;;;6;2026-03-02;pendente_grupo_comercial;;um_vendedor_alocado
01101;058419;2026-09-02;E026;000125;1;False;Time Norte;Construção;1;False;7985.073552458148722090000000000000000000;REBRASCON;True;2025-05-13;False;2026-07-17;2;47;12;2025-09-02;ativo;ordem_dos_pedidos_no_dia_nao_disponivel;um_vendedor_alocado
01101;058420;2026-09-02;F080;000169;1;False;Time Norte;Construção;1;False;15015.542725506186048977250000000000000000;ROYAL GARDEN ENGENHARIA;True;2026-07-06;False;2026-07-06;1;58;12;2025-09-02;ativo;;um_vendedor_alocado
01101;058421;2026-09-02;;000173;1;False;Canais;Canais;1;False;140.0000000000000000000000000000000000000000;;False;;;;;;6;2026-03-02;pendente_grupo_comercial;;um_vendedor_alocado
01101;058422;2026-09-02;C49;000185;1;False;Time Sul;Construção;1;False;12405.73530000000000000000000000000000000000000000;DIRECIONAL;True;2022-01-04;False;2026-09-01;4;1;12;2025-09-02;ativo;ordem_dos_pedidos_no_dia_nao_disponivel;um_vendedor_alocado
01101;058423;2026-09-02;;000173;1;False;Canais;Canais;1;False;140.0000000000000000000000000000000000000000;;False;;;;;;6;2026-03-02;pendente_grupo_comercial;;um_vendedor_alocado
01101;058424;2026-09-02;CY2;000176;1;False;Time Sul;Construção;1;False;6299.076000000000000000000000000000000000;RECANTO CONSTRUTORA;True;2023-09-20;False;2026-08-25;1;8;12;2025-09-02;ativo;;um_vendedor_alocado
01101;058425;2026-09-02;;000173;1;False;Canais;Canais;1;False;140.0000000000000000000000000000000000000000;;False;;;;;;6;2026-03-02;pendente_grupo_comercial;;um_vendedor_alocado
01101;058426;2026-09-02;;000173;1;False;Canais;Canais;1;False;140.0000000000000000000000000000000000000000;;False;;;;;;6;2026-03-02;pendente_grupo_comercial;;um_vendedor_alocado
01101;058427;2026-09-02;E026;000125;1;False;Time Norte;Construção;1;False;15457.230000000000000000000000000000000000;REBRASCON;True;2025-05-13;False;2026-07-17;2;47;12;2025-09-02;ativo;ordem_dos_pedidos_no_dia_nao_disponivel;um_vendedor_alocado
01101;058428;2026-09-02;;000173;1;False;Canais;Canais;1;False;38.0000000000000000000000000000000000000000;;False;;;;;;6;2026-03-02;pendente_grupo_comercial;;um_vendedor_alocado
01101;058429;2026-09-02;;000173;1;False;Canais;Canais;1;False;140.0000000000000000000000000000000000000000;;False;;;;;;6;2026-03-02;pendente_grupo_comercial;;um_vendedor_alocado
01101;058430;2026-09-02;C01;000113, 000125;2;False;Time Norte;Construção;1;False;52337.590000000000000100000000000000000000;PACAEMBU;True;2022-01-17;False;2026-09-01;1;1;12;2025-09-02;ativo;;titularidade_pendente
01101;058431;2026-09-02;;000173;1;False;Canais;Canais;1;False;140.0000000000000000000000000000000000000000;;False;;;;;;6;2026-03-02;pendente_grupo_comercial;;um_vendedor_alocado
01101;058433;2026-09-02;;000173;1;False;Canais;Canais;1;False;140.0000000000000000000000000000000000000000;;False;;;;;;6;2026-03-02;pendente_grupo_comercial;;um_vendedor_alocado
01101;058434;2026-09-02;;000173;1;False;Canais;Canais;1;False;140.0000000000000000000000000000000000000000;;False;;;;;;6;2026-03-02;pendente_grupo_comercial;;um_vendedor_alocado
01101;058435;2026-09-02;;000173;1;False;Canais;Canais;1;False;140.0000000000000000000000000000000000000000;;False;;;;;;6;2026-03-02;pendente_grupo_comercial;;um_vendedor_alocado
01101;058436;2026-09-02;;000173;1;False;Canais;Canais;1;False;140.0000000000000000000000000000000000000000;;False;;;;;;6;2026-03-02;pendente_grupo_comercial;;um_vendedor_alocado
01101;058437;2026-09-02;;;0;True;;;0;True;140.0000000000000000000000000000000000000000;;False;;;;;;;;pendente_grupo_comercial;;titularidade_pendente
01101;058438;2026-09-02;;000173;1;False;Canais;Canais;1;False;140.0000000000000000000000000000000000000000;;False;;;;;;6;2026-03-02;pendente_grupo_comercial;;um_vendedor_alocado
01101;058439;2026-09-02;;000173;1;False;Canais;Canais;1;False;171.990000000000000000000000000000000000;;False;;;;;;6;2026-03-02;pendente_grupo_comercial;;um_vendedor_alocado
01101;058440;2026-09-02;;000173;1;False;Canais;Canais;1;False;171.990000000000000000000000000000000000;;False;;;;;;6;2026-03-02;pendente_grupo_comercial;;um_vendedor_alocado
01101;058441;2026-09-02;;000173;1;False;Canais;Canais;1;False;140.0000000000000000000000000000000000000000;;False;;;;;;6;2026-03-02;pendente_grupo_comercial;;um_vendedor_alocado
01101;058442;2026-09-02;;000173;1;False;Canais;Canais;1;False;140.0000000000000000000000000000000000000000;;False;;;;;;6;2026-03-02;pendente_grupo_comercial;;um_vendedor_alocado
01101;058443;2026-09-02;;000173;1;False;Canais;Canais;1;False;140.0000000000000000000000000000000000000000;;False;;;;;;6;2026-03-02;pendente_grupo_comercial;;um_vendedor_alocado
01101;058444;2026-09-02;;000173;1;False;Canais;Canais;1;False;140.0000000000000000000000000000000000000000;;False;;;;;;6;2026-03-02;pendente_grupo_comercial;;um_vendedor_alocado
01101;058445;2026-09-02;;000173;1;False;Canais;Canais;1;False;140.0000000000000000000000000000000000000000;;False;;;;;;6;2026-03-02;pendente_grupo_comercial;;um_vendedor_alocado
01101;058446;2026-09-02;;000173;1;False;Canais;Canais;1;False;140.0000000000000000000000000000000000000000;;False;;;;;;6;2026-03-02;pendente_grupo_comercial;;um_vendedor_alocado
01101;058447;2026-09-02;;000173;1;False;Canais;Canais;1;False;140.0000000000000000000000000000000000000000;;False;;;;;;6;2026-03-02;pendente_grupo_comercial;;um_vendedor_alocado
01101;058448;2026-09-02;;000173;1;False;Canais;Canais;1;False;140.0000000000000000000000000000000000000000;;False;;;;;;6;2026-03-02;pendente_grupo_comercial;;um_vendedor_alocado
01101;058449;2026-09-02;;000173;1;False;Canais;Canais;1;False;140.0000000000000000000000000000000000000000;;False;;;;;;6;2026-03-02;pendente_grupo_comercial;;um_vendedor_alocado
01101;058450;2026-09-02;;000173;1;False;Canais;Canais;1;False;140.0000000000000000000000000000000000000000;;False;;;;;;6;2026-03-02;pendente_grupo_comercial;;um_vendedor_alocado
01101;058451;2026-09-02;;000173;1;False;Canais;Canais;1;False;140.0000000000000000000000000000000000000000;;False;;;;;;6;2026-03-02;pendente_grupo_comercial;;um_vendedor_alocado
01101;058452;2026-09-02;;000173;1;False;Canais;Canais;1;False;140.0000000000000000000000000000000000000000;;False;;;;;;6;2026-03-02;pendente_grupo_comercial;;um_vendedor_alocado
01101;058453;2026-09-02;;000173;1;False;Canais;Canais;1;False;72.0000000000000000000000000000000000000000;;False;;;;;;6;2026-03-02;pendente_grupo_comercial;;um_vendedor_alocado
01101;058454;2026-09-02;;000173;1;False;Canais;Canais;1;False;38.0000000000000000000000000000000000000000;;False;;;;;;6;2026-03-02;pendente_grupo_comercial;;um_vendedor_alocado
01101;058455;2026-09-02;;000173;1;False;Canais;Canais;1;False;42.9000000000000000000000000000000000000000;;False;;;;;;6;2026-03-02;pendente_grupo_comercial;;um_vendedor_alocado
01101;058456;2026-09-02;;000173;1;False;Canais;Canais;1;False;40.7500000000000000000000000000000000000000;;False;;;;;;6;2026-03-02;pendente_grupo_comercial;;um_vendedor_alocado
01101;058457;2026-09-02;;000173;1;False;Canais;Canais;1;False;40.7500000000000000000000000000000000000000;;False;;;;;;6;2026-03-02;pendente_grupo_comercial;;um_vendedor_alocado
01101;058458;2026-09-02;;000173;1;False;Canais;Canais;1;False;40.7500000000000000000000000000000000000000;;False;;;;;;6;2026-03-02;pendente_grupo_comercial;;um_vendedor_alocado
01101;058459;2026-09-02;;000173;1;False;Canais;Canais;1;False;40.7500000000000000000000000000000000000000;;False;;;;;;6;2026-03-02;pendente_grupo_comercial;;um_vendedor_alocado
01101;058460;2026-09-02;;000173;1;False;Canais;Canais;1;False;40.7500000000000000000000000000000000000000;;False;;;;;;6;2026-03-02;pendente_grupo_comercial;;um_vendedor_alocado
01101;058461;2026-09-02;;000173;1;False;Canais;Canais;1;False;40.7500000000000000000000000000000000000000;;False;;;;;;6;2026-03-02;pendente_grupo_comercial;;um_vendedor_alocado
01101;058462;2026-09-02;;000173;1;False;Canais;Canais;1;False;40.7500000000000000000000000000000000000000;;False;;;;;;6;2026-03-02;pendente_grupo_comercial;;um_vendedor_alocado
01101;058463;2026-09-02;;000173;1;False;Canais;Canais;1;False;40.7500000000000000000000000000000000000000;;False;;;;;;6;2026-03-02;pendente_grupo_comercial;;um_vendedor_alocado
01101;058464;2026-09-02;;000173;1;False;Canais;Canais;1;False;40.7500000000000000000000000000000000000000;;False;;;;;;6;2026-03-02;pendente_grupo_comercial;;um_vendedor_alocado
01101;058465;2026-09-02;;000173;1;False;Canais;Canais;1;False;40.7500000000000000000000000000000000000000;;False;;;;;;6;2026-03-02;pendente_grupo_comercial;;um_vendedor_alocado
01101;058466;2026-09-02;;000173;1;False;Canais;Canais;1;False;40.7500000000000000000000000000000000000000;;False;;;;;;6;2026-03-02;pendente_grupo_comercial;;um_vendedor_alocado
01101;058467;2026-09-02;;000173;1;False;Canais;Canais;1;False;40.7500000000000000000000000000000000000000;;False;;;;;;6;2026-03-02;pendente_grupo_comercial;;um_vendedor_alocado
01101;058468;2026-09-02;00;000173;1;False;Canais;Canais;1;False;40.7500000000000000000000000000000000000000;;False;2026-09-02;False;;1;;6;2026-03-02;pendente_grupo_comercial;;um_vendedor_alocado
01101;058469;2026-09-02;;000173;1;False;Canais;Canais;1;False;81.5000000000000000000000000000000000000000;;False;;;;;;6;2026-03-02;pendente_grupo_comercial;;um_vendedor_alocado
01101;058470;2026-09-02;;000173;1;False;Canais;Canais;1;False;81.5000000000000000000000000000000000000000;;False;;;;;;6;2026-03-02;pendente_grupo_comercial;;um_vendedor_alocado
01101;058471;2026-09-02;;000173;1;False;Canais;Canais;1;False;42.9000000000000000000000000000000000000000;;False;;;;;;6;2026-03-02;pendente_grupo_comercial;;um_vendedor_alocado
01101;058472;2026-09-02;;000173;1;False;Canais;Canais;1;False;42.9000000000000000000000000000000000000000;;False;;;;;;6;2026-03-02;pendente_grupo_comercial;;um_vendedor_alocado
01101;058473;2026-09-02;C02;000176;1;False;Time Sul;Construção;1;False;718.200000000000000000000000000000000000;MRV;True;2022-01-03;False;2026-09-01;6;1;12;2025-09-02;ativo;ordem_dos_pedidos_no_dia_nao_disponivel;um_vendedor_alocado
01101;058474;2026-09-02;C02;000176;1;False;Time Sul;Construção;1;False;7323.6051000000000000000000000000000000000000;MRV;True;2022-01-03;False;2026-09-01;6;1;12;2025-09-02;ativo;ordem_dos_pedidos_no_dia_nao_disponivel;um_vendedor_alocado
01101;058475;2026-09-02;CHP;000176;1;False;Time Sul;Construção;1;False;10382.13000000000000000000000000000000000000000000;CONSTRUTORA VITALE;True;2022-07-06;False;2026-07-09;1;55;12;2025-09-02;ativo;;um_vendedor_alocado
01101;058476;2026-09-02;E672;000183;1;False;Canais;Canais;1;False;7807.2506655553344847756800000000000000000000;GELLAR;True;2023-06-30;False;2025-10-07;1;330;6;2026-03-02;candidato_reativado;;um_vendedor_alocado
01101;058477;2026-09-02;E060;000149;1;False;Canais;Canais;1;False;60380.00000000000000000000000000000000000000000000;FRIORIO;True;2024-10-31;False;2026-08-20;1;13;6;2026-03-02;ativo;;um_vendedor_alocado
01101;058478;2026-09-02;E031;000149;1;False;Canais;Canais;1;False;4226.786550000000000000000000000000000000;IVANILSON INACIO DA SILVA;True;2023-06-27;False;2026-08-28;1;5;6;2026-03-02;ativo;;um_vendedor_alocado
01101;058479;2026-09-02;CDF;000149;1;False;Canais;Canais;1;False;17694.06245000000000000000000000000000000000000000;REFRIGERACAO FLUMINENSE;True;2022-07-01;False;2026-04-06;1;149;6;2026-03-02;ativo;;um_vendedor_alocado
01101;058497;2026-09-03;CI5;000149;1;False;Canais;Canais;1;False;990.7000000000000000000000000000000000000000;LEROY;True;2023-09-27;False;2026-08-19;23;15;6;2026-03-03;ativo;ordem_dos_pedidos_no_dia_nao_disponivel;um_vendedor_alocado
01101;058498;2026-09-03;CI5;000149;1;False;Canais;Canais;1;False;652.5040000000000000000000000000000000000000;LEROY;True;2023-09-27;False;2026-08-19;23;15;6;2026-03-03;ativo;ordem_dos_pedidos_no_dia_nao_disponivel;um_vendedor_alocado
01101;058499;2026-09-03;CJ1;000149;1;False;Canais;Canais;1;False;13719.60000000000000000000000000000000000000000000;REFRICRIL;True;2023-06-28;False;2026-08-31;4;3;6;2026-03-03;ativo;ordem_dos_pedidos_no_dia_nao_disponivel;um_vendedor_alocado
01101;058500;2026-09-03;CJ1;000149;1;False;Canais;Canais;1;False;7793.8000000000000000000000000000000000000000;REFRICRIL;True;2023-06-28;False;2026-08-31;4;3;6;2026-03-03;ativo;ordem_dos_pedidos_no_dia_nao_disponivel;um_vendedor_alocado
01101;058501;2026-09-03;CJ1;000149;1;False;Canais;Canais;1;False;11897.00000000000000000000000000000000000000000000;REFRICRIL;True;2023-06-28;False;2026-08-31;4;3;6;2026-03-03;ativo;ordem_dos_pedidos_no_dia_nao_disponivel;um_vendedor_alocado
01101;058502;2026-09-03;CJ1;000149;1;False;Canais;Canais;1;False;1753.2000000000000000000000000000000000000000;REFRICRIL;True;2023-06-28;False;2026-08-31;4;3;6;2026-03-03;ativo;ordem_dos_pedidos_no_dia_nao_disponivel;um_vendedor_alocado
01101;058504;2026-09-03;CQQ;000152;1;False;Outros;;0;True;253.9800000000000000000000000000000000000000;SMART PODS;True;2022-01-04;False;2026-08-19;2;15;;;pendente_segmento;ordem_dos_pedidos_no_dia_nao_disponivel;um_vendedor_alocado
01101;058505;2026-09-03;CQQ;000152;1;False;Outros;;0;True;6519.5650000000000000000000000000000000000000;SMART PODS;True;2022-01-04;False;2026-08-19;2;15;;;pendente_segmento;ordem_dos_pedidos_no_dia_nao_disponivel;um_vendedor_alocado
01101;058506;2026-09-03;C03;000113;1;False;Time Norte;Construção;1;False;12122.49990000000000000000000000000000000000000000;EMCCAMP;True;2022-01-18;False;2026-09-02;1;1;12;2025-09-03;ativo;;um_vendedor_alocado
01101;058510;2026-09-03;C01;000113, 000125;2;False;Time Norte;Construção;1;False;117252.945396647347248535500000000000000000;PACAEMBU;True;2022-01-17;False;2026-09-02;1;1;12;2025-09-03;ativo;;titularidade_pendente
01101;058512;2026-09-03;F123;000125;1;False;Time Norte;Construção;1;False;11394.410000000000000000000000000000000000;RASSEN REAL ESTATE BRAZIL LTDA;True;2026-07-28;False;2026-08-03;1;31;12;2025-09-03;ativo;;um_vendedor_alocado
01101;058513;2026-09-03;E08;000188;1;False;Time Norte;Construção;1;False;32405.700085996009832713750000000000000000;CONSTRUTORA MVA;True;2025-04-04;False;2026-09-01;2;2;12;2025-09-03;ativo;ordem_dos_pedidos_no_dia_nao_disponivel;um_vendedor_alocado
01101;058514;2026-09-03;C29;000172;1;False;Time Sul;Construção;1;False;8895.160000000000000000000000000000000000;VILLAGE;True;2022-01-26;False;2026-09-02;1;1;12;2025-09-03;ativo;;um_vendedor_alocado
01101;058515;2026-09-03;F175;000113, 000172;2;False;Time Norte, Time Sul;Construção;1;False;2494.540650000000000000000000000000000000;FONTANIVE CRYSTAL INCORPORACAO;True;2026-08-25;False;2026-08-25;1;9;12;2025-09-03;ativo;;titularidade_pendente
01101;058518;2026-09-03;E08;000188;1;False;Time Norte;Construção;1;False;14260.340000000000000000000000000000000000;CONSTRUTORA MVA;True;2025-04-04;False;2026-09-01;2;2;12;2025-09-03;ativo;ordem_dos_pedidos_no_dia_nao_disponivel;um_vendedor_alocado
01101;058519;2026-09-03;C4G;000125;1;False;Time Norte;Construção;1;False;6899.040000000000000000000000000000000000;ENGEMERIT;True;2024-04-30;False;2026-08-03;1;31;12;2025-09-03;ativo;;um_vendedor_alocado
01101;058520;2026-09-03;C02;000136;1;False;Time Sul;Construção;1;False;8817.0850000000000000000000000000000000000000;MRV;True;2022-01-03;False;2026-09-02;5;1;12;2025-09-03;ativo;ordem_dos_pedidos_no_dia_nao_disponivel;um_vendedor_alocado
01101;058521;2026-09-03;C02;000113;1;False;Time Norte;Construção;1;False;5698.5350000000000000000000000000000000000000;MRV;True;2022-01-03;False;2026-09-02;5;1;12;2025-09-03;ativo;ordem_dos_pedidos_no_dia_nao_disponivel;um_vendedor_alocado
01101;058522;2026-09-03;C02;000177;1;False;Time Sul;Construção;1;False;17164.71365000000000000000000000000000000000000000;MRV;True;2022-01-03;False;2026-09-02;5;1;12;2025-09-03;ativo;ordem_dos_pedidos_no_dia_nao_disponivel;um_vendedor_alocado
01101;058523;2026-09-03;C02;000164;1;False;Time Sul;Construção;1;False;4052.4000000000000000000000000000000000000000;MRV;True;2022-01-03;False;2026-09-02;5;1;12;2025-09-03;ativo;ordem_dos_pedidos_no_dia_nao_disponivel;um_vendedor_alocado
01101;058525;2026-09-03;C02;000177;1;False;Time Sul;Construção;1;False;1648.500000000000000000000000000000000000;MRV;True;2022-01-03;False;2026-09-02;5;1;12;2025-09-03;ativo;ordem_dos_pedidos_no_dia_nao_disponivel;um_vendedor_alocado
01101;058528;2026-09-03;CI5;000149;1;False;Canais;Canais;1;False;577.7000000000000000000000000000000000000000;LEROY;True;2023-09-27;False;2026-08-19;23;15;6;2026-03-03;ativo;ordem_dos_pedidos_no_dia_nao_disponivel;um_vendedor_alocado
01101;058531;2026-09-03;CI5;000149;1;False;Canais;Canais;1;False;500.8000000000000000000000000000000000000000;LEROY;True;2023-09-27;False;2026-08-19;23;15;6;2026-03-03;ativo;ordem_dos_pedidos_no_dia_nao_disponivel;um_vendedor_alocado
01101;058532;2026-09-03;CI5;000149;1;False;Canais;Canais;1;False;884.8000000000000000000000000000000000000000;LEROY;True;2023-09-27;False;2026-08-19;23;15;6;2026-03-03;ativo;ordem_dos_pedidos_no_dia_nao_disponivel;um_vendedor_alocado
01101;058534;2026-09-03;CI5;000149;1;False;Canais;Canais;1;False;667.1860000000000000000000000000000000000000;LEROY;True;2023-09-27;False;2026-08-19;23;15;6;2026-03-03;ativo;ordem_dos_pedidos_no_dia_nao_disponivel;um_vendedor_alocado
01101;058536;2026-09-03;CI5;000149;1;False;Canais;Canais;1;False;848.0307500000000000000000000000000000000000;LEROY;True;2023-09-27;False;2026-08-19;23;15;6;2026-03-03;ativo;ordem_dos_pedidos_no_dia_nao_disponivel;um_vendedor_alocado
01101;058537;2026-09-03;CI5;000149;1;False;Canais;Canais;1;False;781.7057500000000000000000000000000000000000;LEROY;True;2023-09-27;False;2026-08-19;23;15;6;2026-03-03;ativo;ordem_dos_pedidos_no_dia_nao_disponivel;um_vendedor_alocado
01101;058538;2026-09-03;CI5;000149;1;False;Canais;Canais;1;False;651.4900000000000000000000000000000000000000;LEROY;True;2023-09-27;False;2026-08-19;23;15;6;2026-03-03;ativo;ordem_dos_pedidos_no_dia_nao_disponivel;um_vendedor_alocado
01101;058539;2026-09-03;CI5;000149;1;False;Canais;Canais;1;False;577.7000000000000000000000000000000000000000;LEROY;True;2023-09-27;False;2026-08-19;23;15;6;2026-03-03;ativo;ordem_dos_pedidos_no_dia_nao_disponivel;um_vendedor_alocado
01101;058541;2026-09-03;CI5;000149;1;False;Canais;Canais;1;False;571.2000000000000000000000000000000000000000;LEROY;True;2023-09-27;False;2026-08-19;23;15;6;2026-03-03;ativo;ordem_dos_pedidos_no_dia_nao_disponivel;um_vendedor_alocado
01101;058543;2026-09-03;CI5;000149;1;False;Canais;Canais;1;False;797.9000000000000000000000000000000000000000;LEROY;True;2023-09-27;False;2026-08-19;23;15;6;2026-03-03;ativo;ordem_dos_pedidos_no_dia_nao_disponivel;um_vendedor_alocado
01101;058545;2026-09-03;CI5;000149;1;False;Canais;Canais;1;False;2724.0000000000000000000000000000000000000000;LEROY;True;2023-09-27;False;2026-08-19;23;15;6;2026-03-03;ativo;ordem_dos_pedidos_no_dia_nao_disponivel;um_vendedor_alocado
01101;058546;2026-09-03;CI5;000149;1;False;Canais;Canais;1;False;2002.2136750000000000000000000000000000000000;LEROY;True;2023-09-27;False;2026-08-19;23;15;6;2026-03-03;ativo;ordem_dos_pedidos_no_dia_nao_disponivel;um_vendedor_alocado
01101;058547;2026-09-03;CI5;000149;1;False;Canais;Canais;1;False;3578.2320000000000000000000000000000000000000;LEROY;True;2023-09-27;False;2026-08-19;23;15;6;2026-03-03;ativo;ordem_dos_pedidos_no_dia_nao_disponivel;um_vendedor_alocado
01101;058548;2026-09-03;CI5;000149;1;False;Canais;Canais;1;False;667.1860000000000000000000000000000000000000;LEROY;True;2023-09-27;False;2026-08-19;23;15;6;2026-03-03;ativo;ordem_dos_pedidos_no_dia_nao_disponivel;um_vendedor_alocado
01101;058549;2026-09-03;CI5;000149;1;False;Canais;Canais;1;False;596.3823250000000000000000000000000000000000;LEROY;True;2023-09-27;False;2026-08-19;23;15;6;2026-03-03;ativo;ordem_dos_pedidos_no_dia_nao_disponivel;um_vendedor_alocado
01101;058550;2026-09-03;CI5;000149;1;False;Canais;Canais;1;False;758.0718250000000000000000000000000000000000;LEROY;True;2023-09-27;False;2026-08-19;23;15;6;2026-03-03;ativo;ordem_dos_pedidos_no_dia_nao_disponivel;um_vendedor_alocado
01101;058551;2026-09-03;CI5;000149;1;False;Canais;Canais;1;False;580.9000000000000000000000000000000000000000;LEROY;True;2023-09-27;False;2026-08-19;23;15;6;2026-03-03;ativo;ordem_dos_pedidos_no_dia_nao_disponivel;um_vendedor_alocado
01101;058552;2026-09-03;CI5;000149;1;False;Canais;Canais;1;False;661.1860000000000000000000000000000000000000;LEROY;True;2023-09-27;False;2026-08-19;23;15;6;2026-03-03;ativo;ordem_dos_pedidos_no_dia_nao_disponivel;um_vendedor_alocado
01101;058553;2026-09-03;CI5;000149;1;False;Canais;Canais;1;False;662.2823250000000000000000000000000000000000;LEROY;True;2023-09-27;False;2026-08-19;23;15;6;2026-03-03;ativo;ordem_dos_pedidos_no_dia_nao_disponivel;um_vendedor_alocado
01101;058554;2026-09-03;CI5;000149;1;False;Canais;Canais;1;False;2193.7385000000000000000000000000000000000000;LEROY;True;2023-09-27;False;2026-08-19;23;15;6;2026-03-03;ativo;ordem_dos_pedidos_no_dia_nao_disponivel;um_vendedor_alocado
01101;058555;2026-09-03;CI5;000149;1;False;Canais;Canais;1;False;10011.1200000000000000000000000000000000000000;LEROY;True;2023-09-27;False;2026-08-19;23;15;6;2026-03-03;ativo;ordem_dos_pedidos_no_dia_nao_disponivel;um_vendedor_alocado
01101;058556;2026-09-04;C48;000176;1;False;Time Sul;Construção;1;False;114482.40000000000000000000000000000000000000000000;CYRELA;True;2022-01-10;False;2026-09-02;6;2;12;2025-09-04;ativo;ordem_dos_pedidos_no_dia_nao_disponivel;um_vendedor_alocado
01101;058557;2026-09-04;C30;000113;1;False;Time Norte;Construção;1;False;8024.360000000000000000000000000000000000;HLTS;True;2022-01-14;False;2026-08-20;1;15;12;2025-09-04;ativo;;um_vendedor_alocado
01101;058558;2026-09-04;C03;000185;1;False;Time Sul;Construção;1;False;38859.52000000000000000000000000000000000000000000;EMCCAMP;True;2022-01-18;False;2026-09-03;4;1;12;2025-09-04;ativo;ordem_dos_pedidos_no_dia_nao_disponivel;um_vendedor_alocado
01101;058559;2026-09-04;C64;000172;1;False;Time Sul;Construção;1;False;31086.05530000000000000000000000000000000000000000;PRIDE;True;2022-02-14;False;2026-08-24;2;11;12;2025-09-04;ativo;ordem_dos_pedidos_no_dia_nao_disponivel;um_vendedor_alocado
01101;058560;2026-09-04;C48;000185;1;False;Time Sul;Construção;1;False;34797.60330000000000000000000000000000000000000000;CYRELA;True;2022-01-10;False;2026-09-02;6;2;12;2025-09-04;ativo;ordem_dos_pedidos_no_dia_nao_disponivel;um_vendedor_alocado
01101;058561;2026-09-04;COF;000154;1;False;Time Norte;Construção;1;False;118730.90095000000000000000000000000000000000000000;MOURA DUBEUX;True;2022-04-29;False;2026-08-31;3;4;12;2025-09-04;ativo;ordem_dos_pedidos_no_dia_nao_disponivel;um_vendedor_alocado
01101;058562;2026-09-04;C15;000185;1;False;Time Sul;Construção;1;False;33368.99580000000000000000000000000000000000000000;PLANO & PLANO;True;2024-11-26;False;2026-08-31;4;4;12;2025-09-04;ativo;ordem_dos_pedidos_no_dia_nao_disponivel;um_vendedor_alocado
01101;058563;2026-09-04;C15;000185;1;False;Time Sul;Construção;1;False;33368.99580000000000000000000000000000000000000000;PLANO & PLANO;True;2024-11-26;False;2026-08-31;4;4;12;2025-09-04;ativo;ordem_dos_pedidos_no_dia_nao_disponivel;um_vendedor_alocado
01101;058564;2026-09-04;C02;000185;1;False;Time Sul;Construção;1;False;7198.7790000000000000000000000000000000000000;MRV;True;2022-01-03;False;2026-09-03;4;1;12;2025-09-04;ativo;ordem_dos_pedidos_no_dia_nao_disponivel;um_vendedor_alocado
01101;058567;2026-09-04;C02;000186;1;False;Time Sul;Construção;1;False;3742.0000000000000000000000000000000000000000;MRV;True;2022-01-03;False;2026-09-03;4;1;12;2025-09-04;ativo;ordem_dos_pedidos_no_dia_nao_disponivel;um_vendedor_alocado
01101;058568;2026-09-04;C105;000185;1;False;Time Sul;Construção;1;False;1227.527952742991282407250000000000000000;VINX;True;2025-01-28;False;2026-05-05;1;122;12;2025-09-04;ativo;;um_vendedor_alocado
01101;058570;2026-09-04;C64;000172;1;False;Time Sul;Construção;1;False;17058.21995000000000000000000000000000000000000000;PRIDE;True;2022-02-14;False;2026-08-24;2;11;12;2025-09-04;ativo;ordem_dos_pedidos_no_dia_nao_disponivel;um_vendedor_alocado
01101;058571;2026-09-04;C48;000186;1;False;Time Sul;Construção;1;False;27677.70000000000000000000000000000000000000000000;CYRELA;True;2022-01-10;False;2026-09-02;6;2;12;2025-09-04;ativo;ordem_dos_pedidos_no_dia_nao_disponivel;um_vendedor_alocado
01101;058572;2026-09-04;CV2;000136;1;False;Time Sul;Construção;1;False;15236.693348884360690383250000000000000000;METRO MODULAR;True;2023-07-07;False;2026-07-28;1;38;12;2025-09-04;ativo;;um_vendedor_alocado
01101;058573;2026-09-04;COF;000154;1;False;Time Norte;Construção;1;False;14737.92000000000000000000000000000000000000000000;MOURA DUBEUX;True;2022-04-29;False;2026-08-31;3;4;12;2025-09-04;ativo;ordem_dos_pedidos_no_dia_nao_disponivel;um_vendedor_alocado
01101;058574;2026-09-04;COF;000154;1;False;Time Norte;Construção;1;False;13010.00000000000000000000000000000000000000000000;MOURA DUBEUX;True;2022-04-29;False;2026-08-31;3;4;12;2025-09-04;ativo;ordem_dos_pedidos_no_dia_nao_disponivel;um_vendedor_alocado
01101;058575;2026-09-04;C03;000136;1;False;Time Sul;Construção;1;False;6973.6702000000000000000000000000000000000000;EMCCAMP;True;2022-01-18;False;2026-09-03;4;1;12;2025-09-04;ativo;ordem_dos_pedidos_no_dia_nao_disponivel;um_vendedor_alocado
01101;058577;2026-09-04;C49;000113;1;False;Time Norte;Construção;1;False;1185.820000000000000000000000000000000000;DIRECIONAL;True;2022-01-04;False;2026-09-02;5;2;12;2025-09-04;ativo;ordem_dos_pedidos_no_dia_nao_disponivel;um_vendedor_alocado
01101;058578;2026-09-04;CB2;000164;1;False;Time Sul;Construção;1;False;3722.800000000000000000000000000000000000;URBEN PARTICIPACOES;True;2025-05-08;False;2025-05-08;1;484;12;2025-09-04;candidato_reativado;;um_vendedor_alocado
01101;058579;2026-09-04;C03;000176;1;False;Time Sul;Construção;1;False;4736.303425882350107661000000000000000000;EMCCAMP;True;2022-01-18;False;2026-09-03;4;1;12;2025-09-04;ativo;ordem_dos_pedidos_no_dia_nao_disponivel;um_vendedor_alocado
01101;058580;2026-09-04;C03;000185;1;False;Time Sul;Construção;1;False;3066.400000000000000000000000000000000000;EMCCAMP;True;2022-01-18;False;2026-09-03;4;1;12;2025-09-04;ativo;ordem_dos_pedidos_no_dia_nao_disponivel;um_vendedor_alocado
01101;058581;2026-09-04;F123;000125;1;False;Time Norte;Construção;1;False;2245.700000000000000000000000000000000000;RASSEN REAL ESTATE BRAZIL LTDA;True;2026-07-28;False;2026-09-03;1;1;12;2025-09-04;ativo;;um_vendedor_alocado
01101;058582;2026-09-04;CAM;000125;1;False;Time Norte;Construção;1;False;664.120000000000000000000000000000000000;7LM;True;2022-07-29;False;2026-08-17;1;18;12;2025-09-04;ativo;;um_vendedor_alocado
01101;058583;2026-09-04;F141;000172;1;False;Time Sul;Construção;1;False;8249.320000000000000000000000000000000000;GESSELE;True;2026-07-28;False;2026-07-28;1;38;12;2025-09-04;ativo;;um_vendedor_alocado
01101;058584;2026-09-04;C48;000186;1;False;Time Sul;Construção;1;False;69753.18000000000000000000000000000000000000000000;CYRELA;True;2022-01-10;False;2026-09-02;6;2;12;2025-09-04;ativo;ordem_dos_pedidos_no_dia_nao_disponivel;um_vendedor_alocado
01101;058585;2026-09-04;C70;000177;1;False;Time Sul;Construção;1;False;51712.410000000000000000000000000000000000;SPL ENGENHARIA;True;2022-01-31;False;2026-08-26;1;9;12;2025-09-04;ativo;;um_vendedor_alocado
01101;058586;2026-09-04;E699;000113;1;False;Time Norte;Construção;1;False;25706.380000000000000000000000000000000000;EF CONSTRUTORA;True;2026-01-29;False;2026-07-21;1;45;12;2025-09-04;ativo;;um_vendedor_alocado
01101;058587;2026-09-04;C49;000185;1;False;Time Sul;Construção;1;False;5003.4227250000000000000000000000000000000000;DIRECIONAL;True;2022-01-04;False;2026-09-02;5;2;12;2025-09-04;ativo;ordem_dos_pedidos_no_dia_nao_disponivel;um_vendedor_alocado
01101;058588;2026-09-04;C49;000185;1;False;Time Sul;Construção;1;False;9155.2000000000000000000000000000000000000000;DIRECIONAL;True;2022-01-04;False;2026-09-02;5;2;12;2025-09-04;ativo;ordem_dos_pedidos_no_dia_nao_disponivel;um_vendedor_alocado
01101;058589;2026-09-04;CE9;000183;1;False;Canais;Canais;1;False;3566.900000000000000000000000000000000000;CONEXAO ELETRICO E HIDRAULICO;True;2023-09-25;False;2026-03-12;1;176;6;2026-03-04;ativo;;um_vendedor_alocado
01101;058590;2026-09-04;E715;000187;1;False;Canais;Canais;1;False;3339.500000000000000000000000000000000000;JABU;True;2023-10-17;False;2026-08-17;1;18;6;2026-03-04;ativo;;um_vendedor_alocado
01101;058591;2026-09-04;C1O;000188;1;False;Time Norte;Construção;1;False;8811.000000000000000000000000000000000000;CONSTREN;True;2023-07-28;False;2026-05-15;1;112;12;2025-09-04;ativo;;um_vendedor_alocado
01101;058592;2026-09-04;C48;000176;1;False;Time Sul;Construção;1;False;55311.20000000000000000000000000000000000000000000;CYRELA;True;2022-01-10;False;2026-09-02;6;2;12;2025-09-04;ativo;ordem_dos_pedidos_no_dia_nao_disponivel;um_vendedor_alocado
01101;058594;2026-09-04;CWY;000125;1;False;Time Norte;Construção;1;False;12713.895250000000000000000000000000000000;NPJ INCORPORADORA;True;2022-01-14;False;2026-09-02;1;2;12;2025-09-04;ativo;;um_vendedor_alocado
01101;058595;2026-09-04;C48;000185;1;False;Time Sul;Construção;1;False;5018.1000000000000000000000000000000000000000;CYRELA;True;2022-01-10;False;2026-09-02;6;2;12;2025-09-04;ativo;ordem_dos_pedidos_no_dia_nao_disponivel;um_vendedor_alocado
01101;058596;2026-09-04;CGT;000169;1;False;Time Norte;Construção;1;False;1629.000000000000000000000000000000000000;CANOPUS;True;2022-02-23;False;2026-08-31;1;4;12;2025-09-04;ativo;;um_vendedor_alocado
01101;058597;2026-09-04;C5E;000113;1;False;Time Norte;Construção;1;False;6171.252500000000000000000000000000000000;CONSTRUTORA SINARCO;True;2024-05-29;False;2025-07-31;1;400;12;2025-09-04;candidato_reativado;;um_vendedor_alocado
01101;058598;2026-09-04;F011;000154;1;False;Time Norte;Construção;1;False;7577.470000000000000000000000000000000000;FLEX PLANO 100;True;2026-03-25;False;2026-07-15;1;51;12;2025-09-04;ativo;;um_vendedor_alocado
01101;058599;2026-09-04;CAZ;000172;1;False;Time Sul;Construção;1;False;2339.700000000000000000000000000000000000;ROTTAS;True;2022-03-21;False;2026-08-18;1;17;12;2025-09-04;ativo;;um_vendedor_alocado
01101;058601;2026-09-04;CHV;000113;1;False;Time Norte;Construção;1;False;11503.5883823858502428801900000000000000000000;DMC CONSTRUTORA;True;2022-09-09;False;2026-07-16;1;50;12;2025-09-04;ativo;;um_vendedor_alocado
01101;058602;2026-09-04;E041;000176;1;False;Time Sul;Construção;1;False;8320.6022070400000000000000000000000000000000000000000000000000;ENGENHARIA VX;True;2025-05-26;False;2026-08-31;1;4;12;2025-09-04;ativo;;um_vendedor_alocado
01101;058604;2026-09-04;C15;000185;1;False;Time Sul;Construção;1;False;31916.16505000000000000000000000000000000000000000;PLANO & PLANO;True;2024-11-26;False;2026-08-31;4;4;12;2025-09-04;ativo;ordem_dos_pedidos_no_dia_nao_disponivel;um_vendedor_alocado
01101;058605;2026-09-04;C15;000185;1;False;Time Sul;Construção;1;False;31916.16505000000000000000000000000000000000000000;PLANO & PLANO;True;2024-11-26;False;2026-08-31;4;4;12;2025-09-04;ativo;ordem_dos_pedidos_no_dia_nao_disponivel;um_vendedor_alocado
01101;058606;2026-09-04;D1M;000170;1;False;Time Norte;Construção;1;False;3497.5528000000000000000000000000000000000000;COOPERCON;True;2026-05-15;False;2026-08-31;1;4;12;2025-09-04;ativo;;um_vendedor_alocado
01101;058607;2026-09-04;CRH;000185;1;False;Time Sul;Construção;1;False;3101.3000000000000000000000000000000000000000;COELHO ENGENHARIA;True;2022-01-11;False;2026-08-28;1;7;12;2025-09-04;ativo;;um_vendedor_alocado
01101;058608;2026-09-04;C49;000185;1;False;Time Sul;Construção;1;False;14979.21552500000000000000000000000000000000000000;DIRECIONAL;True;2022-01-04;False;2026-09-02;5;2;12;2025-09-04;ativo;ordem_dos_pedidos_no_dia_nao_disponivel;um_vendedor_alocado
01101;058609;2026-09-04;C104;000154;1;False;Time Norte;Construção;1;False;15891.78570000000000000000000000000000000000000000;RODES;True;2024-11-12;False;2026-08-24;1;11;12;2025-09-04;ativo;;um_vendedor_alocado
01101;058610;2026-09-04;C02;000184;1;False;Time Norte;Construção;1;False;5683.6500000000000000000000000000000000000000;MRV;True;2022-01-03;False;2026-09-03;4;1;12;2025-09-04;ativo;ordem_dos_pedidos_no_dia_nao_disponivel;um_vendedor_alocado
01101;058611;2026-09-04;C02;000186;1;False;Time Sul;Construção;1;False;4248.5600000000000000000000000000000000000000;MRV;True;2022-01-03;False;2026-09-03;4;1;12;2025-09-04;ativo;ordem_dos_pedidos_no_dia_nao_disponivel;um_vendedor_alocado
01101;058612;2026-09-04;C49;000184;1;False;Time Norte;Construção;1;False;22440.00395000000000000000000000000000000000000000;DIRECIONAL;True;2022-01-04;False;2026-09-02;5;2;12;2025-09-04;ativo;ordem_dos_pedidos_no_dia_nao_disponivel;um_vendedor_alocado
01101;058613;2026-09-04;CON;000190;1;False;Time Norte;Construção;1;False;114183.270000000000000000000000;DALE CONSTRUCOES;True;2022-02-17;False;2026-08-06;1;29;12;2025-09-04;ativo;;um_vendedor_alocado
01101;058614;2026-09-08;C70;000113, 000136;2;False;Time Norte, Time Sul;Construção;1;False;20658.44000000000000000000000000000000000000000000;SPL ENGENHARIA;True;2022-01-31;False;2026-09-04;1;4;12;2025-09-08;ativo;;titularidade_pendente
01101;058616;2026-09-08;CB5;000188;1;False;Time Norte;Construção;1;False;1451.520000000000000000000000000000000000;VIVA CONSTRUCOES;True;2022-08-12;False;2026-05-27;1;104;12;2025-09-08;ativo;;um_vendedor_alocado
01101;058617;2026-09-08;C03;000113;1;False;Time Norte;Construção;1;False;12122.49990000000000000000000000000000000000000000;EMCCAMP;True;2022-01-18;False;2026-09-04;2;4;12;2025-09-08;ativo;ordem_dos_pedidos_no_dia_nao_disponivel;um_vendedor_alocado
01101;058619;2026-09-08;C1J;000188;1;False;Time Norte;Construção;1;False;1861.690000000000000000000000000000000000;A C ENGENHARIA;True;2022-01-26;False;2026-07-30;1;40;12;2025-09-08;ativo;;um_vendedor_alocado
01101;058620;2026-09-08;CR7;000125;1;False;Time Norte;Construção;1;False;6034.7973000000000000000000000000000000000000;BP CONSTRUTORA;True;2023-07-18;False;2026-08-25;3;14;12;2025-09-08;ativo;ordem_dos_pedidos_no_dia_nao_disponivel;um_vendedor_alocado
01101;058621;2026-09-08;CA2;000172;1;False;Time Sul;Construção;1;False;14346.050000000000000100000000000000000000;V L P - ENGENHARIA;True;2022-01-28;False;2026-08-07;2;32;12;2025-09-08;ativo;ordem_dos_pedidos_no_dia_nao_disponivel;um_vendedor_alocado
01101;058622;2026-09-08;F101;000185;1;False;Time Sul;Construção;1;False;8482.8434750000000000000000000000000000000000;JERONIMO DA VEIGA;True;2026-08-13;False;2026-09-01;1;7;12;2025-09-08;ativo;;um_vendedor_alocado
01101;058623;2026-09-08;CGG;000125;1;False;Time Norte;Construção;1;False;1638.990000000000000000000000000000000000;VILA BRASIL CONSTRUTORA;True;2022-03-02;False;2026-08-31;1;8;12;2025-09-08;ativo;;um_vendedor_alocado
01101;058624;2026-09-08;CA2;000172;1;False;Time Sul;Construção;1;False;13360.600000000000000100000000000000000000;V L P - ENGENHARIA;True;2022-01-28;False;2026-08-07;2;32;12;2025-09-08;ativo;ordem_dos_pedidos_no_dia_nao_disponivel;um_vendedor_alocado
01101;058625;2026-09-08;C48;000185;1;False;Time Sul;Construção;1;False;4356.0400000000000000000000000000000000000000;CYRELA;True;2022-01-10;False;2026-09-04;2;4;12;2025-09-08;ativo;ordem_dos_pedidos_no_dia_nao_disponivel;um_vendedor_alocado
01101;058626;2026-09-08;COI;000188;1;False;Time Norte;Construção;1;False;6319.410000000000000000000000000000000000;UNIÃO CONSTRUÇÕES;True;2022-01-31;False;2026-08-28;1;11;12;2025-09-08;ativo;;um_vendedor_alocado
01101;058627;2026-09-08;C29;000172;1;False;Time Sul;Construção;1;False;2516.070000000000000000000000000000000000;VILLAGE;True;2022-01-26;False;2026-09-03;2;5;12;2025-09-08;ativo;ordem_dos_pedidos_no_dia_nao_disponivel;um_vendedor_alocado
01101;058628;2026-09-08;E08;000188;1;False;Time Norte;Construção;1;False;36429.441163720070861215250000000000000000;CONSTRUTORA MVA;True;2025-04-04;False;2026-09-03;1;5;12;2025-09-08;ativo;;um_vendedor_alocado
01101;058629;2026-09-08;C16;000185;1;False;Time Sul;Construção;1;False;10840.00000000000000000000000000000000000000000000;VIBRA;True;2022-12-16;False;2026-08-12;1;27;12;2025-09-08;ativo;;um_vendedor_alocado
01101;058630;2026-09-08;CR7;000125;1;False;Time Norte;Construção;1;False;39912.26000000000000000000000000000000000000000000;BP CONSTRUTORA;True;2023-07-18;False;2026-08-25;3;14;12;2025-09-08;ativo;ordem_dos_pedidos_no_dia_nao_disponivel;um_vendedor_alocado
01101;058631;2026-09-08;CIK;000184;1;False;Time Norte;Construção;1;False;4856.230000000000000000000000000000000000;L MARQUEZZO;True;2022-03-18;False;2026-08-28;1;11;12;2025-09-08;ativo;;um_vendedor_alocado
01101;058632;2026-09-08;C45;000125;1;False;Time Norte;Construção;1;False;16969.49887500000000000000000000000000000000000000;TENDA;True;2022-01-11;False;2026-08-31;1;8;12;2025-09-08;ativo;;um_vendedor_alocado
01101;058633;2026-09-08;CPK;000186;1;False;Time Sul;Construção;1;False;3439.740000000000000000000000000000000000;MORANA INCORPORACOES;True;2022-01-12;False;2026-08-31;1;8;12;2025-09-08;ativo;;um_vendedor_alocado
01101;058634;2026-09-08;C58;000186;1;False;Time Sul;Construção;1;False;67772.220000000000000000000000000000000000;MELNICK;True;2022-10-26;False;2026-05-11;1;120;12;2025-09-08;ativo;;um_vendedor_alocado
01101;058635;2026-09-08;C03;000176;1;False;Time Sul;Construção;1;False;5048.3200000000000000000000000000000000000000;EMCCAMP;True;2022-01-18;False;2026-09-04;2;4;12;2025-09-08;ativo;ordem_dos_pedidos_no_dia_nao_disponivel;um_vendedor_alocado
01101;058636;2026-09-08;C48;000185;1;False;Time Sul;Construção;1;False;4082.0000000000000000000000000000000000000000;CYRELA;True;2022-01-10;False;2026-09-04;2;4;12;2025-09-08;ativo;ordem_dos_pedidos_no_dia_nao_disponivel;um_vendedor_alocado
01101;058637;2026-09-08;F075;000154;1;False;Time Norte;Construção;1;False;9983.550843150276482707250000000000000000;ALEAVEST;True;2026-06-24;False;2026-06-24;1;76;12;2025-09-08;ativo;;um_vendedor_alocado
01101;058638;2026-09-08;C29;000172;1;False;Time Sul;Construção;1;False;18311.480000000000000000000000000000000000;VILLAGE;True;2022-01-26;False;2026-09-03;2;5;12;2025-09-08;ativo;ordem_dos_pedidos_no_dia_nao_disponivel;um_vendedor_alocado
01101;058639;2026-09-08;CR7;000125;1;False;Time Norte;Construção;1;False;36196.16145000000000000000000000000000000000000000;BP CONSTRUTORA;True;2023-07-18;False;2026-08-25;3;14;12;2025-09-08;ativo;ordem_dos_pedidos_no_dia_nao_disponivel;um_vendedor_alocado
01101;058640;2026-09-08;C21;000190;1;False;Time Norte;Construção;1;False;15090.54000000000000000000000000000000000000000000;CAPITAL (MORAR MAIS);True;2022-04-07;False;2026-09-01;1;7;12;2025-09-08;ativo;;um_vendedor_alocado
01101;058642;2026-09-08;F180;000186;1;False;Time Sul;Construção;1;False;3392.300000000000000000000000000000000000;SOLUCOES IMOBILIARIAS MGF LTDA;True;2026-09-08;False;;1;;12;2025-09-08;novo_no_historico;;um_vendedor_alocado
01101;058643;2026-09-08;COF;000188;1;False;Time Norte;Construção;1;False;14964.03000000000000000000000000000000000000000000;MOURA DUBEUX;True;2022-04-29;False;2026-09-04;1;4;12;2025-09-08;ativo;;um_vendedor_alocado
01101;058644;2026-09-08;C02;000190;1;False;Time Norte;Construção;1;False;2963.60000000000000000000;MRV;True;2022-01-03;False;2026-09-04;7;4;12;2025-09-08;ativo;ordem_dos_pedidos_no_dia_nao_disponivel;um_vendedor_alocado
01101;058645;2026-09-08;C02;000190;1;False;Time Norte;Construção;1;False;2485.20000000000000000000;MRV;True;2022-01-03;False;2026-09-04;7;4;12;2025-09-08;ativo;ordem_dos_pedidos_no_dia_nao_disponivel;um_vendedor_alocado
01101;058646;2026-09-08;C02;000176;1;False;Time Sul;Construção;1;False;17677.43250000000000000000000000000000000000000000;MRV;True;2022-01-03;False;2026-09-04;7;4;12;2025-09-08;ativo;ordem_dos_pedidos_no_dia_nao_disponivel;um_vendedor_alocado
01101;058647;2026-09-08;C02;000113;1;False;Time Norte;Construção;1;False;2161.9000000000000000000000000000000000000000;MRV;True;2022-01-03;False;2026-09-04;7;4;12;2025-09-08;ativo;ordem_dos_pedidos_no_dia_nao_disponivel;um_vendedor_alocado
01101;058648;2026-09-08;C02;000113;1;False;Time Norte;Construção;1;False;3962.7350000000000000000000000000000000000000;MRV;True;2022-01-03;False;2026-09-04;7;4;12;2025-09-08;ativo;ordem_dos_pedidos_no_dia_nao_disponivel;um_vendedor_alocado
01101;058649;2026-09-08;C02;000176;1;False;Time Sul;Construção;1;False;4007.5800000000000000000000000000000000000000;MRV;True;2022-01-03;False;2026-09-04;7;4;12;2025-09-08;ativo;ordem_dos_pedidos_no_dia_nao_disponivel;um_vendedor_alocado
01101;058650;2026-09-08;CON;000186;1;False;Time Sul;Construção;1;False;3050.925457112005031266750000000000000000;DALE CONSTRUCOES;True;2022-02-17;False;2026-09-04;1;4;12;2025-09-08;ativo;;um_vendedor_alocado
01101;058651;2026-09-08;C02;000136;1;False;Time Sul;Construção;1;False;1302.189000000000000000000000000000000000;MRV;True;2022-01-03;False;2026-09-04;7;4;12;2025-09-08;ativo;ordem_dos_pedidos_no_dia_nao_disponivel;um_vendedor_alocado
01101;058652;2026-09-08;E825;000183;1;False;Canais;Canais;1;False;7824.069999999999999900000000000000000000;JUNCAO COMERCIO;True;2023-08-08;False;2026-05-26;1;105;6;2026-03-08;ativo;;um_vendedor_alocado
01101;058653;2026-09-08;E765;000183;1;False;Canais;Canais;1;False;7833.890000000000000000000000000000000000;MARCELO REFRIGERACAO;True;2023-08-18;False;2026-07-09;1;61;6;2026-03-08;ativo;;um_vendedor_alocado
01101;058654;2026-09-08;CMK;000187;1;False;Canais;Canais;1;False;2735.420000000000000000000000000000000000;CARRERA E RORIZ;True;2022-09-27;False;2025-12-12;1;270;6;2026-03-08;candidato_reativado;;um_vendedor_alocado
01101;058655;2026-09-09;CQ4;;0;True;;;0;True;5147.2750000000000000000000000000000000000000;THERMOVAL;True;2023-03-22;False;2026-08-03;1;37;;;pendente_segmento;;titularidade_pendente
01101;058656;2026-09-09;C02;000136;1;False;Time Sul;Construção;1;False;6068.8801250000000000000000000000000000000000;MRV;True;2022-01-03;False;2026-09-08;11;1;12;2025-09-09;ativo;ordem_dos_pedidos_no_dia_nao_disponivel;um_vendedor_alocado
01101;058657;2026-09-09;C02;000185;1;False;Time Sul;Construção;1;False;23430.00000000000000000000000000000000000000000000;MRV;True;2022-01-03;False;2026-09-08;11;1;12;2025-09-09;ativo;ordem_dos_pedidos_no_dia_nao_disponivel;um_vendedor_alocado
01101;058658;2026-09-09;C02;000164;1;False;Time Sul;Construção;1;False;790.482000000000000000000000000000000000;MRV;True;2022-01-03;False;2026-09-08;11;1;12;2025-09-09;ativo;ordem_dos_pedidos_no_dia_nao_disponivel;um_vendedor_alocado
01101;058659;2026-09-09;C48;000185;1;False;Time Sul;Construção;1;False;3629.5000000000000000000000000000000000000000;CYRELA;True;2022-01-10;False;2026-09-08;2;1;12;2025-09-09;ativo;ordem_dos_pedidos_no_dia_nao_disponivel;um_vendedor_alocado
01101;058660;2026-09-09;CBD;000113;1;False;Time Norte;Construção;1;False;607.020000000000000000000000000000000000;VIVAMUS;True;2022-10-24;False;2026-09-02;1;7;12;2025-09-09;ativo;;um_vendedor_alocado
01101;058661;2026-09-09;C48;000185;1;False;Time Sul;Construção;1;False;7297.6200000000000000000000000000000000000000;CYRELA;True;2022-01-10;False;2026-09-08;2;1;12;2025-09-09;ativo;ordem_dos_pedidos_no_dia_nao_disponivel;um_vendedor_alocado
01101;058662;2026-09-09;C02;000185;1;False;Time Sul;Construção;1;False;2824.9200000000000000000000000000000000000000;MRV;True;2022-01-03;False;2026-09-08;11;1;12;2025-09-09;ativo;ordem_dos_pedidos_no_dia_nao_disponivel;um_vendedor_alocado
01101;058663;2026-09-09;C02;000170;1;False;Time Norte;Construção;1;False;3504.4800000000000000000000000000000000000000;MRV;True;2022-01-03;False;2026-09-08;11;1;12;2025-09-09;ativo;ordem_dos_pedidos_no_dia_nao_disponivel;um_vendedor_alocado
01101;058664;2026-09-09;C49;000154;1;False;Time Norte;Construção;1;False;9026.6002750000000000000000000000000000000000;DIRECIONAL;True;2022-01-04;False;2026-09-04;1;5;12;2025-09-09;ativo;;um_vendedor_alocado
01101;058665;2026-09-09;C02;000170;1;False;Time Norte;Construção;1;False;12290.52000000000000000000000000000000000000000000;MRV;True;2022-01-03;False;2026-09-08;11;1;12;2025-09-09;ativo;ordem_dos_pedidos_no_dia_nao_disponivel;um_vendedor_alocado
01101;058666;2026-09-09;C02;000172;1;False;Time Sul;Construção;1;False;2195.5452500000000000000000000000000000000000;MRV;True;2022-01-03;False;2026-09-08;11;1;12;2025-09-09;ativo;ordem_dos_pedidos_no_dia_nao_disponivel;um_vendedor_alocado
01101;058667;2026-09-09;C02;000185;1;False;Time Sul;Construção;1;False;7994.8000000000000000000000000000000000000000;MRV;True;2022-01-03;False;2026-09-08;11;1;12;2025-09-09;ativo;ordem_dos_pedidos_no_dia_nao_disponivel;um_vendedor_alocado
01101;058668;2026-09-09;C02;000185;1;False;Time Sul;Construção;1;False;2946.2387500000000000000000000000000000000000;MRV;True;2022-01-03;False;2026-09-08;11;1;12;2025-09-09;ativo;ordem_dos_pedidos_no_dia_nao_disponivel;um_vendedor_alocado
01101;058669;2026-09-09;C02;000172;1;False;Time Sul;Construção;1;False;9047.3048000000000000000000000000000000000000;MRV;True;2022-01-03;False;2026-09-08;11;1;12;2025-09-09;ativo;ordem_dos_pedidos_no_dia_nao_disponivel;um_vendedor_alocado
01101;058670;2026-09-09;C02;000170;1;False;Time Norte;Construção;1;False;17847.41050000000000000000000000000000000000000000;MRV;True;2022-01-03;False;2026-09-08;11;1;12;2025-09-09;ativo;ordem_dos_pedidos_no_dia_nao_disponivel;um_vendedor_alocado
01101;058671;2026-09-09;C04;000136;1;False;Time Sul;Construção;1;False;20552.19000000000000000000000000000000000000000000;HM;True;2022-01-03;False;2026-09-02;2;7;12;2025-09-09;ativo;ordem_dos_pedidos_no_dia_nao_disponivel;um_vendedor_alocado
01101;058672;2026-09-09;C04;000136;1;False;Time Sul;Construção;1;False;20552.19000000000000000000000000000000000000000000;HM;True;2022-01-03;False;2026-09-02;2;7;12;2025-09-09;ativo;ordem_dos_pedidos_no_dia_nao_disponivel;um_vendedor_alocado
01101;058673;2026-09-09;CDF;000149;1;False;Canais;Canais;1;False;4752.640000000000000000000000000000000000;REFRIGERACAO FLUMINENSE;True;2022-07-01;False;2026-09-02;1;7;6;2026-03-09;ativo;;um_vendedor_alocado
01101;058674;2026-09-09;CSO;000183;1;False;Canais;Canais;1;False;4913.560000000000000000000000000000000000;FRIGEMAR;True;2023-10-20;False;2026-02-19;1;202;6;2026-03-09;candidato_reativado;;um_vendedor_alocado
01101;058676;2026-09-09;CX3;000172;1;False;Time Sul;Construção;1;False;4830.463805706475360406500000000000000000;RV INCORPORACOES;True;2022-03-29;False;2026-05-13;1;119;12;2025-09-09;ativo;;um_vendedor_alocado
01101;058677;2026-09-09;CJ7;000170;1;False;Time Norte;Construção;1;False;3900.8700000000000000000000000000000000000000;DUE EMPREENDIMENTOS;True;2023-07-10;False;2026-08-21;1;19;12;2025-09-09;ativo;;um_vendedor_alocado
01101;058678;2026-09-09;C3F;000170;1;False;Time Norte;Construção;1;False;25494.180000000000000100000000000000000000;USINA DE OBRAS;True;2024-03-19;False;2026-08-31;1;9;12;2025-09-09;ativo;;um_vendedor_alocado
01101;058680;2026-09-09;F230;000125;1;False;Time Norte;Construção;1;False;2975.685650000000000000000000000000000000;CL2 CONSTRUTORA;True;2026-09-09;False;;1;;12;2025-09-09;novo_no_historico;;um_vendedor_alocado
01101;058681;2026-09-09;CLO;000176;1;False;Time Sul;Construção;1;False;6656.550000000000000000000000000000000000;AVANCO EMPREENDIMENTOS;True;2022-07-29;False;2026-07-02;1;69;12;2025-09-09;ativo;;um_vendedor_alocado
01101;058682;2026-09-09;F107;000183;1;False;Canais;Canais;1;False;34268.36647500000000000000000000000000000000000000;CB CONSTRUTORA;True;2026-07-20;False;2026-08-17;1;23;6;2026-03-09;ativo;;um_vendedor_alocado
01101;058683;2026-09-09;F114;000187;1;False;Canais;Canais;1;False;5604.870000000000000000000000000000000000;ELETRICA POTENCIA;True;2026-07-22;False;2026-07-22;1;49;6;2026-03-09;ativo;;um_vendedor_alocado
01101;058684;2026-09-09;C03;000185;1;False;Time Sul;Construção;1;False;3066.400000000000000000000000000000000000;EMCCAMP;True;2022-01-18;False;2026-09-08;1;1;12;2025-09-09;ativo;;um_vendedor_alocado
01101;058686;2026-09-10;C02;000185;1;False;Time Sul;Construção;1;False;2628.7450000000000000000000000000000000000000;MRV;True;2022-01-03;False;2026-09-09;4;1;12;2025-09-10;ativo;ordem_dos_pedidos_no_dia_nao_disponivel;um_vendedor_alocado
01101;058687;2026-09-10;F226;000125;1;False;Time Norte;Construção;1;False;8000.960000000000000000000000000000000000;IRMAOS MALHEIROS CONSTRUTORA;True;2026-09-10;False;;1;;12;2025-09-10;novo_no_historico;;um_vendedor_alocado
01101;058688;2026-09-10;C49;000185;1;False;Time Sul;Construção;1;False;6959.9959750000000000000000000000000000000000;DIRECIONAL;True;2022-01-04;False;2026-09-09;1;1;12;2025-09-10;ativo;;um_vendedor_alocado
01101;058689;2026-09-10;;000173;1;False;Canais;Canais;1;False;140.0000000000000000000000000000000000000000;;False;;;;;;6;2026-03-10;pendente_grupo_comercial;;um_vendedor_alocado
01101;058691;2026-09-10;F224;000170;1;False;Time Norte;Construção;1;False;33925.680648910798324683500000000000000000;PLANO INCORPORACOES LTDA;True;2026-09-10;False;;2;;12;2025-09-10;novo_no_historico;ordem_dos_pedidos_no_dia_nao_disponivel;um_vendedor_alocado
01101;058692;2026-09-10;C15;000185;1;False;Time Sul;Construção;1;False;7336.8200000000000000000000000000000000000000;PLANO & PLANO;True;2024-11-26;False;2026-09-04;1;6;12;2025-09-10;ativo;;um_vendedor_alocado
01101;058693;2026-09-10;C01;000113, 000125;2;False;Time Norte;Construção;1;False;18136.10000000000000000000000000000000000000000000;PACAEMBU;True;2022-01-17;False;2026-09-03;1;7;12;2025-09-10;ativo;;titularidade_pendente
01101;058695;2026-09-10;F011;000154;1;False;Time Norte;Construção;1;False;7045.109999999999999900000000000000000000;FLEX PLANO 100;True;2026-03-25;False;2026-09-04;1;6;12;2025-09-10;ativo;;um_vendedor_alocado
01101;058696;2026-09-10;CFS;000186;1;False;Time Sul;Construção;1;False;25075.953492355830330378250000000000000000;SOLUM;True;2022-06-24;False;2025-10-15;1;330;12;2025-09-10;ativo;;um_vendedor_alocado
01101;058697;2026-09-10;F224;000170;1;False;Time Norte;Construção;1;False;20321.400368876243377002500000000000000000;PLANO INCORPORACOES LTDA;True;2026-09-10;False;;2;;12;2025-09-10;novo_no_historico;ordem_dos_pedidos_no_dia_nao_disponivel;um_vendedor_alocado
01101;058698;2026-09-10;CR2;000136;1;False;Time Sul;Construção;1;False;3660.480000000000000000000000000000000000;GIOVANETTI CONSTRUTORA;True;2023-07-10;False;2026-01-23;1;230;12;2025-09-10;ativo;;um_vendedor_alocado
01101;058699;2026-09-10;C02;000136;1;False;Time Sul;Construção;1;False;2071.3800000000000000000000000000000000000000;MRV;True;2022-01-03;False;2026-09-09;4;1;12;2025-09-10;ativo;ordem_dos_pedidos_no_dia_nao_disponivel;um_vendedor_alocado
01101;058700;2026-09-10;C02;000185;1;False;Time Sul;Construção;1;False;10840.52725000000000000000000000000000000000000000;MRV;True;2022-01-03;False;2026-09-09;4;1;12;2025-09-10;ativo;ordem_dos_pedidos_no_dia_nao_disponivel;um_vendedor_alocado
01101;058701;2026-09-10;C02;000164;1;False;Time Sul;Construção;1;False;8885.3300000000000000000000000000000000000000;MRV;True;2022-01-03;False;2026-09-09;4;1;12;2025-09-10;ativo;ordem_dos_pedidos_no_dia_nao_disponivel;um_vendedor_alocado
01101;058703;2026-09-10;E031;000149;1;False;Canais;Canais;1;False;4251.780000000000000000000000000000000000;IVANILSON INACIO DA SILVA;True;2023-06-27;False;2026-09-02;1;8;6;2026-03-10;ativo;;um_vendedor_alocado
01101;058704;2026-09-10;E555;000183;1;False;Canais;Canais;1;False;9912.0000000000000000000000000000000000000000;FERCRIL DISTRIBUIDORA;True;2026-02-23;False;2026-02-23;1;199;6;2026-03-10;candidato_reativado;;um_vendedor_alocado
01101;058705;2026-09-10;E467;000183;1;False;Canais;Canais;1;False;2319.720000000000000000000000000000000000;CAMPSOU;True;2023-07-17;False;2026-04-28;1;135;6;2026-03-10;ativo;;um_vendedor_alocado
01101;058706;2026-09-10;F08;000172;1;False;Time Sul;Construção;1;False;20939.673832913059172228500000000000000000;HPIO CONSTRUTORA;True;2026-03-31;False;2026-06-12;1;90;12;2025-09-10;ativo;;um_vendedor_alocado
01101;058707;2026-09-10;C65;000136;1;False;Time Sul;Construção;1;False;7099.5100000000000000000000000000000000000000;BRZ;True;2023-05-25;False;2026-08-14;1;27;12;2025-09-10;ativo;;um_vendedor_alocado
01101;058708;2026-09-10;C6M;000172;1;False;Time Sul;Construção;1;False;4906.703855986541109581250000000000000000;DIMAS CONSTRUCOES;True;2024-07-13;False;2026-09-02;1;8;12;2025-09-10;ativo;;um_vendedor_alocado
01101;058709;2026-09-10;CAM;000125;1;False;Time Norte;Construção;1;False;1640.000000000000000000000000000000000000;7LM;True;2022-07-29;False;2026-09-04;1;6;12;2025-09-10;ativo;;um_vendedor_alocado
